id,name,model_id/id,group_id/id,perm_read,perm_write,perm_create,perm_unlink
access_employee_purchase_requisition_manager,employee.purchase.requisition,model_employee_purchase_requisition,employee_purchase_requisition.employee_requisition_manager,1,1,0,0
access_employee_purchase_requisition_requisition_head,employee.purchase.requisition,model_employee_purchase_requisition,employee_purchase_requisition.employee_requisition_head,1,1,0,0
access_employee_purchase_requisition_user,employee.purchase.requisition,model_employee_purchase_requisition,employee_purchase_requisition.employee_requisition_user,1,1,1,1
access_requisition_order,employee.purchase.requisition,model_requisition_order,base.group_user,1,1,1,1
access_requisition_confirm_wizard_user,access.requisition.confirm.wizard.user,model_requisition_confirm_wizard,base.group_user,1,1,1,1
access_requisition_wizard_line_user,access.requisition.wizard.line.user,model_requisition_wizard_line,base.group_user,1,1,1,1
access_state_change_reason_user,access.state.change.reason.user,model_state_change_reason,base.group_user,1,1,1,1
access_state_change_reason_wizard_user,access.state.change.reason.wizard.user,model_state_change_reason_wizard,base.group_user,1,1,1,1