<?xml version="1.0" encoding="utf-8"?>
<odoo>

    <record model="ir.module.category" id="employee_requisition">
        <field name="name">Employee Purchase Requisition</field>
        <field name="description">User access level for Material Request
            module
        </field>
        <field name="sequence">20</field>
    </record>
    <!--User groups-->
    <record id="employee_requisition_user" model="res.groups">
        <field name="name">Requisition Users</field>
        <field name="category_id" ref="employee_requisition"/>
    </record>

    <record id="employee_requisition_head" model="res.groups">
        <field name="name">Department Head</field>
        <field name="category_id" ref="employee_requisition"/>
        <field name="implied_ids"
               eval="[(4, ref('employee_purchase_requisition.employee_requisition_user'))]"/>
    </record>
    <record id="employee_requisition_manager" model="res.groups">
        <field name="name">Requisition Manager</field>
        <field name="category_id" ref="employee_requisition"/>
        <field name="implied_ids"
               eval="[(4, ref('employee_purchase_requisition.employee_requisition_head'))]"/>
    </record>
    <!--Record rules-->
    <record id="requisition_user_rule" model="ir.rule">
        <field name="name">Requisition User Rule</field>
        <field name="model_id" ref="model_employee_purchase_requisition"/>
        <field name="domain_force">[('confirm_id', '=', user.id)]</field>
        <field name="groups"
               eval="[(4, ref('employee_purchase_requisition.employee_requisition_user'))]"/>
    </record>

    <record id="department_head_rule" model="ir.rule">
        <field name="name">Department Head Rule</field>
        <field ref="model_employee_purchase_requisition" name="model_id"/>
        <field name="domain_force">[('user_id','=',user.id)]</field>
        <field name="groups"
               eval="[(4, ref('employee_purchase_requisition.employee_requisition_head'))]"/>
    </record>

    <record id="requisition_manager_rule" model="ir.rule">
        <field name="name">Requisition Manager Rule</field>
        <field ref="model_employee_purchase_requisition" name="model_id"/>
        <field name="domain_force">[(1,'=',1)]</field>
        <field name="groups"
               eval="[(4, ref('employee_purchase_requisition.employee_requisition_manager'))]"/>
    </record>
    <record id="requisition_company_rule" model="ir.rule">
        <field name="name">Purchase Requisition Company Rule</field>
        <field ref="model_employee_purchase_requisition" name="model_id"/>
        <field name="domain_force">[('company_id', 'in', company_ids)]</field>
    </record>
    <record id="requisition_order_company_rule" model="ir.rule">
        <field name="name">Purchase Requisition Order Company Rule</field>
        <field ref="model_requisition_order" name="model_id"/>
        <field name="domain_force">[('company_id', 'in', company_ids)]</field>
    </record>
</odoo>