<?xml version="1.0" encoding="UTF-8"?>
<templates xml:space="preserve">

    <t t-name="odoo_account_hierarchy.AccountHierarchyReport">
        <div class="o_action">
            <Layout display="display">
                <t t-set-slot="layout-buttons">
                    <div class="o_cp_buttons" role="toolbar" aria-label="Control panel buttons" t-ref="buttons">
                        <button id="print_hierarchy_pdf" type="button" class='btn btn-primary o_account_hierarchy_pdf' t-on-click="() => this.onClickPrint()">
                            Print PDF
                        </button>
                        <button id="print_hierarchy_xls" type="button" class='btn btn-primary o_account_hierarchy_xls ml4' t-on-click="() => this.onClickXls()">
                            Print XLS
                        </button>

                        <button id="expand_hierarchy" title="Expand rows" class="o_button_expand_hierarchy btn btn-secondary ml4" t-on-click="() => this.onExpandHierarchy()">
                            <i class="fa fa-expand"/>
                        </button>
                        <button id="collapse_hierarchy" title="Collapse rows" class="o_button_collapse_hierarchy btn btn-secondary ml4" t-on-click="() => this.onCollapseHierarchy()">
                            <i class="fa fa-compress"/>
                        </button>
                    </div>
                </t>
                <div class="container-fluid o_account_reports_page o_account_reports_no_print">
                    <t t-if="state.lines.length">
                        <h3 class="o_report_heading text-start">Account Hierarchy Report <span t-if="this.company_name"> - <t t-esc="this.company_name"/></span></h3>
                        <div class="o_account_reports_table table-responsive">
                            <table class="table">
                                <thead>
                                    <tr class="o_report_header">
                                        <th class="o_report_line_header">Code</th>
                                        <th class="o_report_line_header">Name</th>
                                        <th class="o_report_line_header">Type</th>
                                        <th class="o_report_line_header">Debit</th>
                                        <th class="o_report_line_header">Credit</th>
                                        <th class="o_report_line_header">Balance</th>
                                    </tr>
                                </thead>
                                <tbody t-ref="line">
                                    <t t-call="odoo_account_hierarchy.ReportMRPLines">
                                        <t t-set="lines" t-value="state.lines"/>
                                    </t>
                                </tbody>
                            </table>
                        </div>
                    </t>
                    <h3 t-else="" class="text-center">No operation made on this lot.</h3>
                </div>
            </Layout>
        </div>
    </t>

    <t t-name="odoo_account_hierarchy.ReportMRPLines">
        <t t-foreach="lines" t-as="line" t-key="line.id">
            <t t-set="column" t-value="0" />
            <t t-set="line_space_td" t-value="'padding-left: ' + (4 + 30*(line.level-1)) + 'px; background-position: ' + 30*(line.level-1) + 'px;'"/>
            <tr t-att-class="line.model === 'account.hierarchy' ? 'o_account_reports_level0' : 'o_account_reports_default_style'" 
                t-att-data-id="line.id" t-att-data-active_id="line.active_id" t-att-data-level="line.level">
                <t t-foreach="line.columns" t-as="col" t-key="col_index">
                    <td t-att-class="line.unfoldable ? 'o_account_reports_unfoldable' : ''">
                        <t t-if="col_first">
                            <span t-att-style="line_space_td"></span>                                                                                        
                            <t t-if="line.unfoldable">
                                <span class="o_account_reports_unfoldable o_account_reports_caret_icon" t-on-click="() => this.toggleLine(line)">
                                    <i class="fa fa-fw" t-att-class="line.isFolded ? 'fa-caret-right' : 'fa-caret-down'" role="img" aria-label="Unfold" title="Unfold"/>
                                </span>                                
                            </t>
                        </t>

                        <span t-if="col and line.name === col" t-att-class="!line.unfoldable ? 'o_account_reports_nofoldable' : ''">
                            <a class="o_account_reports_web_action" href="#" t-on-click.prevent="() => this.onCLickOpenAccount(line)" t-esc="col"/>
                            
                            <t t-if="line.unfoldable">
                                <span role="img" title="Accounts" aria-label="Accounts" t-on-click.prevent="() => this.boundLink(line)">
                                    <i class="fa fa-fw fa-level-down fa-rotate-270"/>
                                </span>
                            </t>
                        </span>

                        <span t-elif="col and line.type === col">
                            <a class="o_account_report_lot_action" t-on-click.prevent="() => this.onCLickOpenAccount(line)" t-esc="col" />
                        </span>
                        <t t-elif="col" t-esc="col"/>
                    </td>
                </t>
            </tr>

            <t t-if="!line.isFolded and line.lines.length" t-call="odoo_account_hierarchy.ReportMRPLines">
                <t t-set="lines" t-value="line.lines"/>
                <t t-set="hasUpDown" t-value="false"/>
            </t>
        </t>
    </t>

</templates>