<?xml version="1.0" encoding="UTF-8" ?>
<odoo>
    <record id="material_availability_notification_email_template" model="mail.template">
        <field name="name">Material Availability Notification</field>
        <field name="model_id" ref="model_stock_move"/>
        <field name="subject">{{ object.product_id.name }} Availability</field>
        <field name="body_html" type="html">
            <div style="margin: 0px; padding: 0px;">
                <p style="margin: 0px; padding: 0px; font-size: 13px;">
                    Dear <t t-out="ctx.get('user_to_notify') or ''"/>,
                    <br/>
                    <br/>
                    This mail is to inform you that the stock for the product <t t-out="object.product_id.name or ''"/> is available now
                    <t t-if="ctx.get('related_record')">for related to the document <t t-out="ctx.get('related_record')"/></t>.
                    Please contact the Warehouse manager for reserving them.
                    <t t-if="not is_html_empty(user.signature)">
                        <br/>
                        <br/>
                        <t t-out="user.signature or ''"/>
                    </t>
                </p>
            </div>
        </field>
        <field name="auto_delete" eval="True"/>
    </record>
</odoo>