<?xml version="1.0" encoding="UTF-8" ?>
<odoo>
    <record id="purchase_unsuccessful_email_template" model="mail.template">
        <field name="name">Purchase Order: Unsuccessful</field>
        <field name="model_id" ref="model_purchase_order"/>
        <field name="subject">{{ object.company_id.name }} Order (Ref {{ object.name or 'n/a' }})-Unsuccessful</field>
        <field name="partner_to">{{ object.partner_id.id }}</field>
        <field name="body_html" type="html">
            <div style="margin: 0px; padding: 0px;">
                <p style="margin: 0px; padding: 0px; font-size: 13px;">
                    Dear <t t-out="object.partner_id.name or ''"/>
                    <br/>
                    <br/>
                    This mail is to inform you that we are not interested in the current Purchase order.
                    Please don't hesitate to contact us if there is further offers regarding the Purchase.
                    <t t-if="not is_html_empty(user.signature)">
                        <br/>
                        <br/>
                        <t t-out="user.signature or ''"/>
                    </t>
                </p>
            </div>
        </field>
        <field name="report_template_ids" ref="purchase.action_report_purchase_order"/>
        <field name="report_name">PO_{{ (object.name or '').replace('/', '_') }}</field>
        <field name="lang">{{ object.partner_id.lang }}</field>
        <field name="auto_delete" eval="True"/>
    </record>
</odoo>